abalone,1000
abbacchio,1001
à blanc,1002
absinthe,1003
Ac'cent,1004
acerola,1005
Acesulfame-K,1006
acetic acid,1007
aceto,1008
achar,1009
achee,1010
achiote seed,1011
acidopholous milk,1012
acids,1013
acidulated water,1014
acini di peppe,1015
acitr坦n,1016
ackee; akee; achee,1017
acorn,1018
acorn squash,1019
active dry yeast,1020
"additives, food",1021
ade,1022
adjust,1023
adobo,1024
adobo sauce,1025
ado gado; gado-gado,1026
advocaat,1027
adzuki bean; azuki bean,1028
aemono,1029
aerate,1030
agar; agar-agar,1031
agave,1032
age; aged,1033
agedashi,1034
agemono,1035
aglio e olio,1036
agneau,1037
agnolotti,1038
aguacate,1039
ahi,1040
aigre-doux,1041
a誰oli,1042
ajijsuke-nori,1043
aji-no-moto,1044
ajowan; ajwain,1045
akala,1046
akee,1047
aku,1048
akule,1049
akvavit,1050
al,1051
à la,1052
à la carte,1053
à la king,1054
à la mode,1055
Alaska cod,1056
Alaska king crab,1057
albacore,1058
Albert sauce,1059
alb坦ndiga,1060
albumen,1061
albumin,1062
alcohol,1063
al dente,1064
ale,1065
alecost,1066
alewife,1067
alfalfa,1068
al forno,1069
Alfredo sauce,1070
alginic acid; algin,1071
Alitame,1072
alkali,1073
alkanet,1074
alla,1075
allemande sauce,1076
alligator,1077
alligator pear,1078
all-purpose flour,1079
allspice,1080
allumettes,1081
almond,1082
almond extract,1083
almond oil,1084
almond paste,1085
"alsacienne, à l'",1086
Alsatian wines,1087
alum,1088
aluminum cookware,1089
aluminum foil,1090
amandine,1091
amaranth,1092
amaretti,1093
amaretto,1094
amazu shoga,1095
amberjack,1096
ambrosia,1097
amchoor; amchor; amchur,1098
amchur,1099
"américaine, à l'",1100
"American cheese, processed",1101
ammonium bicarbonate,1102
amontillado,1103
anadama bread,1104
Anaheim chile,1105
ananas,1106
anasazi beans,1107
ancho chile,1108
anchoiade; anchoyade,1109
anchovy,1110
anchovy paste,1111
"ancienne, à l'",1112
"andalouse, à l'",1113
andouille sausage,1114
andouillette sausage,1115
anelli; anellini,1116
anesone,1117
angel food cake,1118
angel hair pasta,1119
angelica,1120
angels on horseback,1121
"anglaise, à l'",1122
angler fish,1123
angostura bitters,1124
animal fat,1125
anise,1126
anise seed; aniseed,1127
anisette,1128
Anjou pear,1129
Anna potatoes,1130
annatto,1131
antelope,1132
antioxidants,1133
antipasto,1134
antojitos,1135
apee,1136
ap辿ritif,1137
aphrodisiac,1138
à point,1139
appellation,1140
Appenzeller cheese; Appenzell cheese,1141
appetizer,1142
apple,1143
apple brown betty,1144
apple butter,1145
apple corer,1146
apple dumpling,1147
applejack,1148
apple pandowdy,1149
apple pear,1150
applesauce,1151
apple snow,1152
apricot,1153
Apry,1154
A.Q.,1155
aquaculture,1156
aquavit,1157
aqua vitae,1158
arak,1159
aram sandwich,1160
Arborio rice,1161
arctic bonito,1162
arctic char,1163
"Argenteuil, à l'",1164
Armagnac,1165
Armenian cracker bread,1166
aromatic,1167
aromatic rice,1168
arrack,1169
arrowroot,1170
arroz,1171
arroz con leche,1172
arroz con pollo,1173
artichoke,1174
artificial sweeteners,1175
arugula,1176
asadero cheese,1177
asafetida; asafoetida,1178
ascorbic acid,1179
aseptic packaging,1180
Asiago cheese,1181
Asian noodles,1182
Asian pear,1183
asparagus,1184
asparagus bean,1185
aspartame,1186
aspic,1187
assaisonn辿,1188
Assam tea,1189
Asti Spumante,1190
atemoya,1191
Atlantic croaker,1192
Atlantic oyster,1193
atole,1194
aubergine,1195
au bleu,1196
au gratin,1197
au jus,1198
au lait,1199
au naturel,1200
aurore sauce,1201
Auslese,1202
avgolemono,1203
avocadito,1204
avocado,1205
awabi,1206
azuki bean,1207
B & B,1208
baba,1209
bab叩co,1210
baba ghanoush; baba gannoujh,1211
babka,1212
baby corn,1213
bacalao,1214
baccalà,1215
back bacon,1216
back of the house,1217
bacon,1218
bagel,1219
bagna cauda,1220
bagoong,1221
baguette,1222
baguette pan,1223
bahmi goreng,1224
bainiku,1225
bain-marie,1226
bake,1227
bake-apple berry,1228
bake blind,1229
baked Alaska,1230
baker's peel,1231
"baking ammonia, powdered",1232
baking powder,1233
baking sheet,1234
baking soda,1235
baking stone,1236
baklava,1237
balachan; blachan,1238
Baldwin apple,1239
ballotine; ballottine,1240
balm,1241
balsamella,1242
balsamic vinegar,1243
balsam pear,1244
Balthazar,1245
bamboo shoot,1246
banana,1247
banana chile,1248
bananas Foster,1249
banana split,1250
Banbury cake,1251
banger,1252
banneton,1253
bannock,1254
banon; le banon,1255
bap,1256
bar,1257
barack,1258
Barbados cherry,1259
Barbados sugar,1260
barbecue; barbeque,1261
barbecue sauce,1262
barberry,1263
bar cookie,1264
bard,1265
Bardolino,1266
Bar-le-Duc,1267
barley,1268
barley sugar,1269
barm brack; barmbrack,1270
barnacles,1271
Barolo,1272
baron,1273
barquette,1274
barracuda,1275
Bartlett pear,1276
basil,1277
basmati rice,1278
bass,1279
bastard saffron,1280
baste,1281
bastela; bastila,1282
b但tarde,1283
Bath bun,1284
Bath chaps,1285
baton; batonnet,1286
batter,1287
batter bread,1288
batterie de cuisine,1289
bauerwurst,1290
Bavarian cream,1291
bavarois,1292
bavettine,1293
bay leaf,1294
Bayonne ham,1295
beach plum,1296
beadlet,1297
bean curd,1298
Beano,1299
bean paste,1300
beans,1301
bean sprouts,1302
bean threads,1303
beard,1304
b辿arnaise sauce,1305
beat,1306
beaten biscuit,1307
Beaujolais,1308
b辿chamel sauce,1309
b棚che-de-mer,1310
beef,1311
beef à la mode,1312
beefalo,1313
beef jerky,1314
beefsteak tomato,1315
beef Stroganoff,1316
beef tartare,1317
beef Wellington,1318
beer,1319
beer cheese,1320
Beerenauslese,1321
beet,1322
beggar's purse,1323
beignet,1324
Belgian endive,1325
belle H辿l竪ne,1326
Bellelay cheese,1327
Bellini,1328
bell pepper,1329
bellyfish,1330
belon oyster,1331
Bel Paese,1332
Beluga caviar,1333
"Bénédict, à la",1334
B辿n辿dictine; benedictine,1335
beni shoga,1336
benne seed,1337
benne wafers,1338
bento; bento box,1339
berbere,1340
Bercy,1341
bergamot,1342
Berlin doughnut,1343
berry,1344
besan,1345
beta carotene,1346
betty,1347
beurre,1348
beurre blanc,1349
beurre compos辿,1350
beurre mani辿,1351
beurre noir,1352
beurre noisette,1353
bialy,1354
Bibb lettuce,1355
bible leaf,1356
bicarbonate of soda,1357
Bierk辰se,1358
bierwurst; beerwurst,1359
bigarade sauce,1360
bigaro,1361
bigeye scad,1362
bigos,1363
bilberry,1364
billy bi; billi-bi,1365
biltong,1366
bind,1367
binder,1368
Bing cherry,1369
biotechnology; bioengineered foods,1370
birch beer,1371
bird,1372
bird's nest soup,1373
biscotte,1374
biscotto,1375
biscuit,1376
biscuit tortoni,1377
bishop; bischof,1378
bismarck,1379
Bismarck herring,1380
bisque,1381
bisteeya,1382
bistro,1383
bitter almond,1384
bitter melon,1385
bitter orange,1386
bitters,1387
bivalve,1388
blachan,1389
black beans,1390
"black beans, fermented",1391
blackberry,1392
black bottom pie,1393
black bread,1394
black bun,1395
black butter,1396
black chanterelle,1397
black cod,1398
black currant,1399
blackened,1400
black-eyed pea,1401
blackfish,1402
Black Forest torte,1403
black fungus,1404
black pepper; black peppercorn,1405
black pudding,1406
black Russian,1407
black sea bass,1408
blackstrap,1409
black tea,1410
black trout,1411
black trumpet mushroom,1412
black velvet,1413
black walnut,1414
blade pot roast,1415
blanc,1416
blanc de blancs,1417
blanc de noirs,1418
blanch,1419
blancmange,1420
blanquette,1421
blend,1422
blender,1423
blenny,1424
bleu,1425
bleu cheese,1426
blind baking,1427
blini,1428
blintz,1429
bloaters,1430
blondie,1431
blood,1432
blood orange,1433
blood pudding,1434
blood sausage,1435
Bloody Mary,1436
bloom,1437
blueberry,1438
blue cheese,1439
blue crab,1440
bluefin,1441
bluefish,1442
Blue Hawaii,1443
bluepoint oyster,1444
blue runner,1445
blush wines,1446
Boboli,1447
bobotie,1448
bobwhite,1449
bocconcini,1450
bock beer,1451
bockwurst,1452
body,1453
boeuf,1454
boeuf à la mode,1455
boeuf bourguignon,1456
boil,1457
boiled dinner,1458
boiled icing,1459
boilermaker,1460
boiling firepot,1461
boiling-water bath,1462
boisson,1463
bok choy,1464
bolete; boletus,1465
bollito misto,1466
bologna; baloney,1467
Bolognese; alla Bolognese,1468
Bombay duck,1469
bombe; bombe glac辿e,1470
bon app辿tit,1471
bonbel cheese,1472
bonbon,1473
bone,1474
bonito,1475
bonne-bouche,1476
"bonne femme, à la",1477
borage,1478
Bordeaux wines,1479
"bordelaise, à la",1480
bordelaise sauce,1481
borek; bourek; burek,1482
borscht; borsch,1483
Bosc pear,1484
Boston baked beans,1485
Boston brown bread,1486
Boston cream pie,1487
Boston lettuce,1488
botrytis cinerea,1489
bottled in bond,1490
bouch辿e,1491
boudin blanc,1492
boudin noir,1493
bouillabaisse,1494
bouillon,1495
bouillon cube,1496
boule,1497
bounce,1498
bounceberry,1499
bouquet,1500
bouquet garni,1501
bourbon,1502
"bourguignonne, à la",1503
bourride,1504
boursault cheese,1505
Boursin cheese,1506
boxty,1507
boysenberry,1508
braciola,1509
brains,1510
braise,1511
bramble,1512
bran,1513
branch water,1514
brandade,1515
brandy,1516
brandy Alexander,1517
brasserie,1518
bratwurst,1519
braunschweiger,1520
brawn,1521
Brazil nut,1522
bread,1523
bread-and-butter pickles,1524
bread crumbs,1525
bread flour,1526
breadfruit,1527
bread machines,1528
bread pudding,1529
bread salad,1530
bread sauce,1531
breakfast tea,1532
bream,1533
brek; brik,1534
bresaola,1535
brick cheese,1536
Brie cheese,1537
brik,1538
brill,1539
brine,1540
brioche,1541
brisket,1542
brisling,1543
broad bean,1544
broccoflower,1545
broccoli,1546
broccoli raab; broccoli rabe,1547
"broche, à la",1548
brochette,1549
brodo,1550
broil,1551
broiler-fryer,1552
brook trout,1553
Brot,1554
broth,1555
brown,1556
brown betty,1557
brown butter,1558
brownie,1559
brown rice,1560
brown sauce,1561
brown sugar,1562
brown velvet,1563
bruise,1564
br短l辿,1565
br短lot,1566
brunch,1567
brunoise,1568
Brunswick stew,1569
bruschetta,1570
brush,1571
Brussels sprouts,1572
brut,1573
Bryndza cheese; Brinza,1574
b'steeya,1575
bubble and squeak,1576
bucatini,1577
b短che de No谷l,1578
B短cheron cheese,1579
buckwheat,1580
buffalo,1581
Buffalo chicken wings,1582
buffalo fish,1583
buffalo mozzarella,1584
buffet,1585
bulghur wheat; bulgar,1586
bullhead,1587
bullshot,1588
bully beef,1589
Bundnerfleisch,1590
Bundt pan,1591
bu単uelo,1592
burbot,1593
burdock,1594
burghul,1595
burgoo,1596
Burgundy wines,1597
burnet,1598
burnt cream,1599
burnt sugar,1600
burrito,1601
butcher's steel,1602
butter,1603
butterball steak,1604
butter bean,1605
butter clam,1606
buttercream,1607
buttercup squash,1608
butter curler,1609
butterfat,1610
butterfish,1611
butterfly,1612
butterhead lettuce,1613
buttermilk,1614
buttermilk pie,1615
butter mold,1616
butter muslin,1617
butternut,1618
butternut squash,1619
butterscotch,1620
butter substitutes,1621
butyric acid,1622
Byrrh,1623
byssus,1624
cabbage,1625
cabbage turnip,1626
Cabernet Franc,1627
Cabernet Sauvignon,1628
cabinet pudding,1629
cacao,1630
cacciatore,1631
caciocavallo cheese,1632
cactus,1633
cactus leaves,1634
cactus pear,1635
Caerphilly cheese,1636
Caesar salad,1637
caf辿; cafe,1638
caf辿 au lait,1639
caf辿 br短lot,1640
caf辿 filtr辿,1641
caf辿 latte,1642
caf辿 macchiato,1643
caf辿 mocha,1644
caffeine,1645
cajeta,1646
Cajun cooking,1647
Cajun popcorn,1648
Cajun seasoning; Cajun spice seasoning,1649
cake,1650
cake comb,1651
cake flour,1652
cala,1653
calabaza,1654
calamari,1655
calamata olive,1656
calcium,1657
caldo,1658
caldo verde,1659
calf's foot jelly,1660
calico bean,1661
California corbina,1662
California Jack cheese,1663
callaloo,1664
calorie,1665
Calvados,1666
calzone,1667
cambric tea,1668
Camembert cheese,1669
camomile; chamomile,1670
Campari,1671
Canadian bacon,1672
Canadian whisky,1673
canap辿,1674
canard,1675
candied apple; candy apple,1676
candied fruit; candied flowers,1677
candlenut,1678
candy,1679
candy thermometer,1680
cane syrup,1681
cane vinegar,1682
cannaroni,1683
cannellini bean,1684
cannelloni,1685
cannoli,1686
canola oil,1687
Cantal,1688
cantaloupe,1689
"can, to; canning",1690
Cantonese cuisine,1691
cape gooseberry,1692
capelli d'angelo,1693
capellini,1694
caper,1695
capon,1696
caponata,1697
cappelletti,1698
cappuccino,1699
capsaicin,1700
capsicum,1701
carafe,1702
carambola,1703
caramel,1704
caramel apple,1705
caramelize,1706
caraway seed,1707
carbohydrate,1708
"carbonara, alla",1709
carbonated water,1710
carbonate of ammonia,1711
carbonnade,1712
carbonnade à la flamande,1713
cardamom,1714
cardoon,1715
caribou,1716
carne,1717
carnitas,1718
carob,1719
Carolina rice,1720
carom,1721
carotene,1722
carp,1723
carpaccio,1724
carpetbag steak,1725
carrageen; carragheen,1726
carrot,1727
casaba melon,1728
cascabel chile,1729
casein,1730
cashew apple,1731
cashew nut,1732
casing,1733
cassareep,1734
cassata,1735
cassava,1736
cassava flour,1737
casserole,1738
cassia,1739
cassis,1740
cassolette,1741
cassoulet,1742
cast iron cookware,1743
castor sugar; caster sugar,1744
Catawba grape,1745
catchup,1746
catfish,1747
cats' tongues,1748
catsup,1749
caudi竪re; caudr辿e,1750
caudle,1751
caul,1752
cauliflower,1753
cavatappi,1754
cavatelli,1755
caviar,1756
cayenne chile,1757
cayenne,
pepper,1758
ceci bean,1759
celeriac,1760
c辿leri b但tard,1761
celery,1762
celery cabbage,1763
celery knob,1764
celery root,1765
celery salt,1766
celery,
seed,1767
cellophane noodles,1768
Celsius,1769
centigrade,1770
century egg,1771
century plant,1772
c竪pe,1773
cephalopod,1774
cereal,1775
cereal grains,1776
ceriman,1777
cervelat,1778
ceviche,1779
Ceylon tea,1780
cha,1781
Chablis,1782
chadec,1783
chafing dish,1784
chalazae,1785
challah; hallah; challa,1786
chalupa,1787
champ,1788
champagne,1789
champignon,1790
chanterelle,1791
chantilly,1792
Chaource cheese,1793
chapati; chapatti,1794
chapon,1795
char; charr,1796
charcuterie,1797
chard,1798
Chardonnay,1799
Charleston hot chile,1800
charlotte,1801
charlotte russe,1802
Chartreuse,1803
chaser,1804
chasoba,1805
chasseur sauce,1806
ch但teau-bottled,1807
Ch但teaubriand,1808
Ch但teauneuf-du-Pape,1809
chaud-froid,1810
chaurice,1811
chayote,1812
checkerberry,1813
cheddar cheese,1814
cheese,1815
cheesecake,1816
cheesecloth,1817
cheese steak,1818
cheese straws,1819
cheese wire,1820
chef garde manger,1821
chef's salad,1822
chemis辿; en chemise,1823
Chenin Blanc,1824
chenna,1825
cherimoya,1826
Ch辿ri-Suisse,1827
cherries jubilee,1828
cherry,1829
Cherry Heering,1830
cherry pepper,1831
cherry plum,1832
cherrystone clam,1833
cherry tomato,1834
chervil,1835
Cheshire cheese,1836
chess pie,1837
chestnut,1838
ch竪vre cheese,1839
Chianti,1840
chicharr坦n,1841
chicken,1842
chicken à la king,1843
chicken cacciatore,1844
chicken-fried steak,1845
chicken Kiev,1846
chicken Marengo,1847
chicken paprikash,1848
chicken Tetrazzini,1849
chickpea; chick-pea,1850
chicory,1851
chiffon,1852
chiffonade,1853
chiffonade salad dressing,1854
chiffon cake,1855
Chihuahua cheese,1856
chikuwa,1857
chilaca chile,1858
chilaquiles,1859
chile; chili pepper; hot pepper,1860
chile bean paste,1861
chile bola,1862
chile con queso,1863
chile negro,1864
chile peque単o,1865
chile seco,1866
chiles rellenos,1867
chili con carne,1868
chili oil,1869
chili paste,1870
chili powder,1871
chili sauce,1872
chiltep鱈n,1873
chimichanga,1874
chimichurri,1875
chine,1876
Chinese artichoke,1877
Chinese black beans,1878
Chinese black mushroom,1879
Chinese cabbage,1880
Chinese chives,1881
Chinese cuisine,1882
Chinese date,1883
Chinese firepot,1884
Chinese five-spice powder,1885
Chinese gooseberry,1886
Chinese grapefruit,1887
Chinese jujube,1888
Chinese long bean,1889
Chinese parsley,1890
Chinese pear,1891
Chinese pepper,1892
Chinese pickle,1893
Chinese sausage,1894
Chinese snow pea,1895
Chinese steelhead,1896
Chinese vermicelli,1897
Chinese white cabbage,1898
chinois,1899
chinook salmon,1900
chinquapin,1901
chipolata sausage,1902
chipotle chile,1903
chipped beef,1904
chips,1905
chirashi,1906
chirinabe,1907
chitlins; chitlings,1908
chitterlings,1909
chive,1910
chlodnik,1911
chocolate,1912
chocolate-chip cookie,1913
chocolate syrup,1914
chokecherry,1915
cholent,1916
chop,1917
chopsticks,1918
chop suey,1919
chorizo,1920
chorogi,1921
Choron sauce,1922
choucroute,1923
choux pastry,1924
chow-chow; chowchow,1925
chowder,1926
chowder clam,1927
chow mein,1928
Christmas melon,1929
christophene,1930
chuck,1931
chufa; chufa nuts,1932
churn,1933
churro,1934
chutney,1935
cicely,1936
cider,1937
cider vinegar,1938
cilantro,1939
cinnamon,1940
cinnamon cap mushroom,1941
cioppino,1942
cipollini,1943
citric acid,1944
citron,1945
citronella,1946
citrus fruits,1947
citrus stripper,1948
citrus zester,1949
civet,1950
clabber,1951
clafouti,1952
clam,1953
"Clamart, à la",1954
clambake; clam bake,1955
clam chowder,1956
clam knife,1957
claret,1958
clarified butter,1959
clarify,1960
cleaver,1961
clementine,1962
clingstone,1963
clotted cream,1964
cloudberry,1965
cloud ear,1966
clove,1967
club sandwich; clubhouse sandwich,1968
club soda,1969
club steak,1970
coat,1971
coat a spoon,1972
cobbler,1973
cobb salad,1974
cobnut,1975
cock-a-leekie,1976
cockle,1977
cocktail,1978
cocktail sauce,1979
cocoa butter,1980
cocoa mix,1981
cocoa powder,1982
coconut,1983
coconut cream,1984
coconut milk,1985
coconut oil,1986
cocotte,1987
cod,1988
coddle,1989
coeur à la crème,1990
coffee,1991
coffee cake,1992
cognac,1993
coho salmon,1994
Cointreau,1995
cola,1996
colander,1997
cola nut; kola nut,1998
Colbert sauce,1999
colby cheese,2000
colcannon,2001
cold cuts,2002
cold duck,2003
cold-pressed oils,2004
cole slaw,2005
collard; collard greens; collards,2006
collins,2007
comal,2008
combine,2009
Comice pear,2010
comino,2011
common brown mushroom,2012
complete protein,2013
composed salad,2014
compote,2015
compound butter,2016
compressed yeast,2017
concass辿,2018
conch,2019
conchiglie,2020
conching,2021
Concord grape,2022
condensed milk,2023
condiment,2024
confection,2025
confectioners' sugar; powdered sugar,2026
confectionery coating,2027
confit,2028
confiture,2029
congee,2030
conger eel,2031
Congo pea,2032
conserve,2033
consomm辿,2034
"Conti, à la",2035
continental breakfast,2036
convection oven,2037
converted rice,2038
cookie,2039
cookie cutter,2040
cookie gun,2041
cookie mold,2042
cookie press,2043
cookie stamp,2044
cooking wine,2045
cooling rack,2046
copper cookware,2047
coq au vin,2048
coquille,2049
coquilles St. Jacques,2050
coral,2051
coralli,2052
corbina,2053
cordial,2054
cordon bleu,2055
core,2056
corer,2057
coriander,2058
corkage,2059
corkscrew,2060
corn,2061
cornbread,2062
corn dog,2063
corned beef,2064
Cornell bread,2065
cornet,2066
corn flour,2067
corn husks,2068
cornichon,2069
Cornish game hen,2070
Cornish pasty,2071
cornmeal,2072
corn oil,2073
corn pone,2074
corn salad,2075
corn smut,2076
cornstarch,2077
corn sugar,2078
corn syrup,2079
corn whiskey,2080
Cortland apple,2081
corvina,2082
cos lettuce,2083
costmary,2084
cotechino,2085
C担tes du Rh担ne,2086
cotriade,2087
cottage cheese,2088
cottage fried potatoes,2089
cottage pudding,2090
cotton candy,2091
cottonseed oil,2092
cotto sausage,2093
coulibiac,2094
coulis,2095
country captain,2096
country-cured ham,2097
country gravy,2098
coupe,2099
court-bouillon,2100
couscous,2101
coush-coush,2102
couverture,2103
cowberry,2104
cowpea,2105
crab,2106
crabapple,2107
crab boil,2108
crab cake,2109
crab imperial,2110
crab Louis; crab Louie,2111
cracked wheat,2112
cracklings,2113
cranberry,2114
cranberry bean,2115
Cranshaw melon,2116
crappie,2117
crawdads,2118
crawfish,2119
crayfish,2120
cream,2121
cream cheese,2122
cream of tartar,2123
cream puff,2124
cream-puff paste; cream-puff pastry,2125
cream sauce,2126
cream sherry,2127
"Crécy, à la",2128
crema caramella,2129
Crema Dania cheese; Crema Danica cheese,2130
cr竪me,2131
cr竪me anglaise,2132
cr竪me br短l辿e,2133
cr竪me caramel,2134
cr竪me chantilly,2135
cr竪me d'abricots,2136
cr竪me d'amande,2137
cr竪me d'ananas,2138
cr竪me de,2139
cr竪me de banane,2140
cr竪me de cacao,2141
cr竪me de cassis,2142
cr竪me de cerise,2143
cr竪me de menthe,2144
cr竪me de noyaux,2145
cr竪me de rose,2146
cr竪me de violette,2147
cr竪me fra樽che,2148
cr竪me p但tissi竪re,2149
cr竪me pralin辿e,2150
cr竪me renvers辿e,2151
cremino,2152
Crenshaw melon; Cranshaw melon,2153
Creole cooking,2154
Creole cream cheese,2155
Creole mustard,2156
cr棚pe,2157
cr棚pes suzette,2158
cr辿pinette,2159
crescent cutter,2160
Crescenza cheese,2161
crespelle,2162
cress,2163
creste di galli,2164
crevette,2165
crimp,2166
crisp,2167
crisphead lettuce,2168
criterion apple,2169
croaker,2170
crockpot,2171
croissant,2172
crookneck squash,2173
croonack,2174
crooner,2175
croquant,2176
croque madame,2177
croquembouche,2178
croque monsieur,2179
croquette,2180
crostini,2181
croustade,2182
cro短te,2183
crouton,2184
crown roast,2185
cruciferous vegetables,2186
crudit辿s,2187
cruller,2188
crumble,2189
crumpet,2190
crush,2191
crust,2192
crustacean,2193
crystallized flowers,2194
crystallized fruit,2195
crystal sugar,2196
Cuba libre,2197
cube,2198
cube steak,2199
cucumber,2200
cuisine,2201
cuisine bourgeoise,2202
"cuisine, haute",2203
cuisine maigre,2204
cuisine minceur,2205
cuitlacoche,2206
culatello,2207
Cumberland sauce,2208
cumin,2209
cupcake,2210
cura巽ao,2211
curd,2212
curdle,2213
cure; curing,2214
curly endive,2215
currant,2216
curry,2217
curry leaf,2218
curry paste,2219
curry,
powder,2220
cush,2221
cushaw,2222
cusk,2223
custard,2224
custard apple,2225
cut in,2226
cutlet,2227
cutting board,2228
cuttlefish,2229
dab,2230
dacquoise,2231
Dagwood sandwich,2232
daikon,2233
daiquiri,2234
daizu,2235
"dal; dhal, dhall",2236
damson plum,2237
Danablu cheese,2238
Danbo cheese,2239
dancy orange,2240
dandelion greens,2241
Danish blue cheese,2242
Danish lobster,2243
Danish pastry,2244
Danziger Goldwasser,2245
dariole,2246
Darjeeling tea,2247
dash,2248
dasheen,2249
dashi,2250
date,2251
daube,2252
dau miu,2253
daun pandan,2254
dauphine,2255
daurade,2256
decant,2257
decanter,2258
decorating sugar,2259
deep-dish,2260
deep-fat thermometer,2261
deep-fry,2262
deer,2263
deglaze,2264
degrease,2265
dehydrate,2266
d辿jeuner,2267
Delaware grape,2268
delicata squash,2269
Delicious apple,2270
Delmonico potatoes,2271
Delmonico steak,2272
Demerara sugar,2273
demi-glace,2274
demi-sec,2275
demitasse,2276
Denver sandwich,2277
Derby cheese; Derbyshire cheese,2278
dessert wine,2279
devein,2280
devil,2281
devilfish,2282
devil's food,2283
devils on horseback,2284
Devon cream,2285
Devonshire cheese,2286
Devonshire cream,2287
dewberry,2288
dextrose,2289
dhal,2290
diable sauce; à la diable,2291
dice,2292
dietary fiber,2293
digestif,2294
digestive enzymes,2295
Dijon mustard,2296
dill,2297
dilute,2298
dim sum; dem sum,2299
diples,2300
diplomat pudding,2301
diplomat sauce,2302
dirty rice,2303
disjoint,2304
dissolve,2305
distillation,2306
distilled water,2307
ditali; ditalini,2308
divinity,2309
Dobos torte,2310
dock,2311
dogfish; spiny dogfish,2312
dolce,2313
Dolcelatte cheese,2314
dollarfish,2315
dollop,2316
Dolly Varden,2317
dolma,2318
dolphin; dolphinfish,2319
donburi,2320
dorado,2321
dosage,2322
dot,2323
double-acting baking powder,2324
double boiler,2325
double-cream cheeses; double cr竪me,2326
double Gloucester cheese,2327
dough,2328
doughnut; donut,2329
doux,2330
Dover sole,2331
draft beer,2332
drag辿e,2333
dragon's eye,2334
drain,2335
Drambuie,2336
draught beer,2337
draw,2338
drawn butter,2339
dredge,2340
dress,2341
dressing,2342
dried beans,2343
dried beef,2344
dried fruit,2345
drippings,2346
drizzle,2347
drop cookie,2348
drum,2349
drupe fruit,2350
dry,2351
dry ice,2352
dry milk,2353
dry yeast,2354
"Dubarry, à la; du Barry",2355
Dublin Bay prawn,2356
Dubonnet,2357
duchess potatoes,2358
duck; duckling,2359
duck press,2360
duck sauce,2361
duff,2362
dukka; dukkah,2363
dulce,2364
dulse,2365
dumpling,2366
Dundee cake,2367
Dungeness crab,2368
Dunlop cheese,2369
durian,2370
durum wheat,2371
dust,2372
Dutch oven,2373
duxelles,2374
Earl Grey tea,2375
Early Richmond cherry,2376
earth almonds,2377
earthenware,2378
earth nut,2379
earthnuts,2380
Eastern oyster,2381
eau de vie,2382
Eccles cake,2383
辿clair,2384
edamame,2385
Edam cheese,2386
Edelfaule,2387
EDTA,2388
eel,2389
egg,2390
egg cream,2391
egg foo yong,2392
eggnog,2393
egg piercer,2394
eggplant,2395
eggplant caviar,2396
egg ring,2397
egg roll,2398
egg roll skins,2399
eggs,2400
eggs Benedict,2401
egg scissors,2402
egg slicer,2403
eggs Sardou,2404
egg substitutes,2405
egg timer,2406
egg wash,2407
Eiswein,2408
Elberta peach,2409
Elbo cheese,2410
elbow pasta,2411
elderberry,2412
election cake,2413
elephant ear,2414
elk,2415
elver,2416
Emmentaler cheese; Emmental; Emmenthaler,2417
empanada,2418
emperor grape,2419
emulsifier,2420
emulsion,2421
enamelware,2422
enchilada,2423
en cocotte,2424
en cro短te,2425
endive,2426
English breakfast,2427
English breakfast tea,2428
English Morello cherry,2429
English muffin,2430
English mustard,2431
English pea,2432
English sole,2433
English walnut,2434
enoki; enokitake; enokidake mushrooms,2435
enology,2436
enophile,2437
en papillote,2438
enrich,2439
ensalada,2440
entrec担te,2441
entr辿e,2442
entremesas,2443
entremets,2444
epazote,2445
辿pice,2446
辿pices fines,2447
epicure,2448
辿pinard,2449
escab竪che,2450
escalope,2451
escargot,2452
escarole,2453
escovitch,2454
"espagnole, à l'",2455
espagnole sauce,2456
espresso,2457
Esrom cheese,2458
essences,2459
estate bottled,2460
ethyl alcohol,2461
étouffée; à l'étouffée,2462
"étuvée, à l'",2463
evaporated milk,2464
eviscerate,2465
expiration date,2466
Explorateur cheese,2467
extracts,2468
faba bean,2469
fagara,2470
fagioli,2471
Fahrenheit,2472
fajitas,2473
falafel; felafel,2474
farce; farci,2475
farfalle; farfallini; farfallone,2476
farfel,2477
farina,2478
farl; farle,2479
farmer cheese; farmer's cheese,2480
fasnacht; fastnacht,2481
fatback,2482
fat mop,2483
fats and oils,2484
fat substitutes,2485
fatty acids,2486
fava bean,2487
fedelini,2488
feijoa,2489
feijoada,2490
fennel,2491
fennel seeds,2492
fenugreek,2493
fermentation,2494
fermented black beans,2495
feta cheese,2496
fettucce; fettuccelle,2497
fettuccine; fettuccini,2498
fettuccine Alfredo,2499
feuilletage,2500
"fiber, dietary",2501
ficelle,2502
fiddlehead fern,2503
fideos,2504
field lettuce,2505
field pea,2506
field salad,2507
fig,2508
figaro sauce,2509
filbert,2510
fil辿 powder,2511
filet,2512
filet mignon,2513
fillet,2514
filo,2515
filter,2516
filtered coffee,2517
fines herbes,2518
fining,2519
finnan haddie; finnan haddock,2520
fino,2521
finocchio,2522
"Fiorentina, alla",2523
firepot; fire pot,2524
firm-ball stage,2525
fischietti,2526
fish,2527
fish and chips,2528
fish boil,2529
fish gravy,2530
fish sauce,2531
five-spice powder,2532
fizz,2533
flageolet,2534
"flake, to",2535
flaky,2536
"flamande, à la",2537
flamb辿,2538
flamed,2539
Flame Tokay grape,2540
flan,2541
flanken,2542
flank steak,2543
flapjack,2544
flat bread; flatbread; flatbrod,2545
flatfish,2546
flauta,2547
flavoring extracts,2548
flax seed,2549
fleuron,2550
flip,2551
floating islands,2552
florentine,2553
"Florentine, à la",2554
flounder,2555
flour,2556
flowering kale,2557
flower pepper,2558
"flowers, crystallized",2559
"flowers, edible",2560
flummery,2561
flute,2562
flying fish; flyingfish,2563
focaccia,2564
foie gras,2565
"fold, to",2566
fond,2567
fondant,2568
fondue,2569
fontina cheese,2570
food additives,2571
food coloring,2572
food label terms,2573
food mill,2574
food processor,2575
fool,2576
foo yong,2577
forcemeat,2578
"forestière, à la",2579
forest mushroom,2580
formaggio,2581
Formosa Oolong tea,2582
"forno, al",2583
fortified wine,2584
fortune cookie,2585
fouet,2586
fowl,2587
fraise,2588
fraise des bois,2589
framboise,2590
Frangelico,2591
frangipane,2592
frankfurter,2593
frapp辿,2594
free-range,2595
freestone,2596
freezer burn,2597
freezer/refrigerator thermometer,2598
French bean,2599
French bread,2600
French Colombard,2601
French dressing,2602
French endive,2603
french fries,2604
french fry,2605
"french, to",2606
French toast,2607
freshness date,2608
Fresno chile,2609
friandise,2610
fricassee,2611
fried rice,2612
fries,2613
frijoles,2614
frijoles refritos,2615
frill,2616
fris辿e,2617
frittata,2618
fritter,2619
fritto,2620
fritto misto,2621
frizzes,2622
frizzle,2623
frogfish,2624
frog's legs,2625
froid,2626
fromage,2627
fromage blanc,2628
fromage de t棚te,2629
frost,2630
frosting,2631
frothy,2632
frozen daiquiri,2633
frozen yogurt,2634
fructose,2635
fruit beer,2636
fruit butter,2637
fruitcake,2638
fruit cocktail,2639
fruit leather; fruit roll-up,2640
fruits de mer,2641
fruit soup,2642
fruit sugar,2643
fry,2644
fry bread,2645
frying pan,2646
fu,2647
fudge,2648
fugu,2649
Fukien cuisine,2650
fum辿,2651
Fum辿 Blanc,2652
fumet,2653
fundido,2654
funghi,2655
funnel cake,2656
Furmint grape,2657
fusille; fusilli,2658
futomaki,2659
fuzzy melon,2660
fuzzy navel,2661
fuzzy squash,2662
galangal; galanga root; galingale,2663
galantine,2664
galette,2665
Galliano,2666
gallimaufry,2667
game animals,2668
game birds,2669
ganache,2670
garam masala,2671
garbanzo bean,2672
garbure,2673
garde manger,2674
garden pea,2675
gari,2676
garlic,2677
garlic bread,2678
garlic butter,2679
garlic chives,2680
garlic flakes,2681
garlic powder,2682
garlic press,2683
garlic salt,2684
garni,2685
garnish,2686
garniture,2687
garum,2688
gaspergoo; gaspergou,2689
gastronome,2690
gastronomy,2691
gastropod,2692
g但teau,2693
g但teau Saint-Honor辿,2694
gaufrette,2695
gazpacho,2696
gefilte fish,2697
gelatin,2698
gelato,2699
gemelli,2700
gem pan; mini muffin pan,2701
"genevoise, sauce",2702
"Genoese, alla; Genovese, alla",2703
g辿noise,2704
geoduck; gweduck,2705
germ,2706
German potato salad,2707
Gervais cheese,2708
Gew端rztraminer,2709
ghee,2710
gherkin,2711
gianduja,2712
giant garlic,2713
giant sea bass,2714
"giardiniera, alla",2715
giblets,2716
Gibson,2717
gigot,2718
gimlet,2719
gin,2720
gin fizz,2721
ginger; gingerroot,2722
ginger ale,2723
ginger beer,2724
gingerbread,2725
gingerroot,2726
gingersnap,2727
ginkgo nut,2728
ginseng,2729
girolle,2730
gizzard,2731
gjetost cheese,2732
glac辿,2733
glace,2734
glace de viande,2735
glac辿 fruit,2736
glass noodles,2737
glasswort,2738
Glayva,2739
glaze,2740
globe artichoke,2741
gl旦gg,2742
Gloucester cheese,2743
glucose,2744
gluten,2745
gluten flour,2746
glycerin; glycerine,2747
gnocchi,2748
goa bean,2749
goat,2750
goat cheese,2751
goatfish,2752
goat's milk,2753
gobo,2754
gohan,2755
golden Cadillac,2756
Golden Delicious apple,2757
golden mushroom,2758
golden needles,2759
golden nugget squash,2760
golden oak,2761
golden syrup,2762
gold leaf,2763
Goldwasser,2764
goma,2765
gomashio,2766
goo; gou,2767
goober,2768
goose,2769
gooseberry,2770
goosefish,2771
goose liver,2772
gordita,2773
Gorgonzola cheese,2774
Gorgonzola dolce,2775
gorp,2776
Gouda cheese,2777
goug竪re,2778
goulash,2779
gourd,2780
gourmand,2781
Gourmandise cheese,2782
gourmet,2783
gowdie,2784
graham cracker,2785
graham flour,2786
grain,2787
gram flour,2788
grana,2789
granadilla,2790
Grand Marnier,2791
granit辿,2792
Granny Smith apple,2793
granola,2794
granulated sugar,2795
grape,2796
grapefruit,2797
grapefruit knife,2798
grape leaves,2799
grapeseed oil,2800
grape sugar,2801
grappa,2802
grasshopper,2803
grasshopper pie,2804
grass mushroom,2805
grate,2806
grater,2807
gratin; gratin辿e,2808
Gravenstein apple,2809
Graves,2810
gravlax,2811
gravy,2812
gravy boat,2813
gray trout,2814
grease,2815
grease mop,2816
Great Lakes lettuce,2817
great Northern bean,2818
"grecque, à la",2819
Greek coffee,2820
green bean,2821
greengage plum,2822
green goddess dressing,2823
green head,2824
greenling,2825
green onion,2826
green pea,2827
green pepper,2828
green peppercorn,2829
greens,2830
green tea,2831
gremolata; gremolada,2832
grenadine,2833
griddle,2834
griddle cake,2835
grill,2836
grillade,2837
grillettes,2838
grind,2839
grinder,2840
grissini,2841
grits,2842
groats,2843
grog,2844
ground beef,2845
ground cherry,2846
groundnut,2847
grouper,2848
grouse,2849
gruel,2850
grunion,2851
grunt,2852
Gruviera cheese; Groviera,2853
Gruy竪re cheese,2854
guacamole,2855
guajillo chile,2856
guar gum,2857
guava,2858
g端ero chile,2859
gugelhopf,2860
guinea fowl,2861
guly叩s,2862
gum arabic,2863
gumbo,2864
gum tragacanth,2865
gunpowder tea,2866
gur,2867
gurnard,2868
gurnet,2869
gweduck,2870
gyoza,2871
gyro,2872
habanero chile,2873
haddock,2874
haggis,2875
hairy melon,2876
hake,2877
hakusai,2878
half-and-half; half & half,2879
halibut,2880
hallacas,2881
hallah,2882
halvah; halva,2883
ham,2884
Haman's hats,2885
hamantaschen,2886
hamburger,2887
hamburger bun,2888
hamburger press,2889
Hamburg parsley,2890
ham hock,2891
hand cheese,2892
hand-formed cookie; hand-shaped cookie,2893
handk辰se cheese,2894
Hangtown Fry,2895
hard-ball stage,2896
hard cider,2897
hard-crack stage,2898
hardhead,2899
hard sauce,2900
hard-shell clam,2901
hardtack,2902
hard wheat,2903
hare,2904
haricot vert,2905
harissa sauce,2906
hartshorn,2907
harusame,2908
Harvard beets,2909
Harvey Wallbanger,2910
hasenpfeffer,2911
hash,2912
hash browns; hash-brown potatoes,2913
hashi,2914
hasty pudding,2915
hasu,2916
hatcho miso,2917
haute cuisine,2918
Havarti cheese,2919
Hawaiian blue prawn,2920
Hawaiian sun fish,2921
hazelnut,2922
hazelnut oil,2923
head cheese; headcheese,2924
head lettuce,2925
heart,2926
hearts of palm,2927
heavy cream,2928
heirloom seeds,2929
H辿l竪ne,2930
hen,2931
hen-of-the-woods,2932
herbes de Provence,2933
herbs,2934
Herbsaint,2935
herb tea,2936
herb vinegar,2937
Herkimer cheese,2938
Herman; Herman starter,2939
hermit,2940
hero sandwich,2941
herring,2942
Herv辿 cheese,2943
hibachi,2944
hichimi togarashi,2945
hickory nut,2946
high-altitude cooking and baking,2947
highball,2948
high tea,2949
hijiki,2950
hiki-cha,2951
hiyamugi,2952
hoagie,2953
hochepot,2954
hock,2955
hoe cake; hoecake,2956
hogfish,2957
hog jowl,2958
hog maw,2959
hoisin sauce,2960
holishkes,2961
hollandaise sauce,2962
homard,2963
home-fried potatoes; home fries,2964
hom ha,2965
hominy,2966
homogenize,2967
honey,2968
honeydew melon,2969
hooch; hootch,2970
Hopfenk辰se,2971
hoppin' John; hopping John,2972
hops,2973
horchata,2974
horehound,2975
horned melon,2976
horn of plenty mushroom,2977
hors d'oeuvre,2978
horse bean,2979
horse mackerel,2980
horseradish,2981
hosomaki,2982
hot cake,2983
hotchpotch,2984
hot cross buns,2985
hot dog,2986
hot pepper,2987
hot pot,2988
hubbard squash,2989
huckleberry,2990
huevo,2991
huevos rancheros,2992
huile,2993
hull,2994
humble pie,2995
hummus,2996
Hunan cuisine,2997
hundred-year egg,2998
Hungarian cherry pepper,2999
Hungarian wax chile,3000
hushpuppy; hush puppy,3001
husk,3002
hutspot,3003
hydrogenated oil,3004
hydrolyzed plant protein; hydrolyzed vegetable protein,3005
hydroponics,3006
hyssop,3007
ice,3008
iceberg lettuce,3009
icebox cookie,3010
ice cream,3011
ice-cream makers,3012
ice-cream scoop,3013
"ice, dry",3014
ice milk,3015
ice wine,3016
ichimi,3017
icing,3018
icing sugar,3019
Idaho potato,3020
樽le flottante,3021
immersion blender,3022
"impératrice, à l'",3023
Imperial,3024
incomplete protein,3025
Indian date,3026
Indian nut,3027
Indian pudding,3028
Indian rice,3029
"indienne, à l'",3030
induction cooking,3031
infuser,3032
infusion,3033
insalata,3034
instant cocoa,3035
instant flour,3036
invert sugar,3037
iriko,3038
Irish breakfast tea,3039
Irish coffee,3040
Irish mist,3041
Irish moss,3042
Irish potato,3043
Irish soda bread,3044
Irish stew,3045
Irish whiskey,3046
ironware,3047
irradiation,3048
isinglass,3049
ita-kamaboko,3050
Italian bread,3051
Italian dandelion,3052
Italian dressing,3053
Italian eggplant,3054
Italian meringue,3055
Italian parsley,3056
Italian sausage,3057
Izarra,3058
jack,3059
jack cheese,3060
jackfruit,3061
jackrabbit,3062
Jagermeister,3063
jaggery,3064
jagging wheel,3065
jalape単o chile,3066
jalousie,3067
jam,3068
Jamaican hot chile,3069
Jamaican jerk seasoning,3070
Jamaica pepper,3071
jambalaya,3072
jamberry,3073
jambon,3074
jambon persill辿,3075
Japanese artichoke,3076
Japanese basil,3077
Japanese eggplant,3078
Japanese gelatin,3079
Japanese horseradish,3080
Japanese king crab,3081
Japanese medlar,3082
Japanese oyster,3083
Japanese pear,3084
Japanese plum,3085
Japanese radish,3086
Japanese vermicelli,3087
"jardinière, à la",3088
Jarlsberg cheese,3089
jasmine rice; jasmin rice,3090
jee choy,3091
jell,3092
jelly,3093
jelly bag,3094
jelly bean,3095
jellyfish,3096
jelly roll,3097
jelly-roll pan,3098
jerk; jerk seasoning,3099
jerky,3100
Jeroboam,3101
Jerusalem artichoke,3102
jewfish,3103
j鱈cama,3104
jigger,3105
Johannisberg Riesling,3106
John Dory,3107
"johnnycake; johnny cake, jonnycake",3108
Jonathan apple,3109
jook,3110
Jordan almond,3111
jugged hare,3112
juicer,3113
jujube,3114
juk,3115
julienne,3116
jumble; jumbal,3117
juniper berry,3118
junket,3119
jus,3120
kaasdoop,3121
kabob,3122
kabocha squash,3123
kaffeekuchen,3124
kaffir lime,3125
Kahl炭a,3126
kalamata olive,3127
kale,3128
kamaboko,3129
kampyo,3130
kamut,3131
Kansas City strip steak,3132
kanten,3133
kara age,3134
kasha,3135
kashi,3136
kasseri cheese,3137
katsudon,3138
katsuobushi; katsuo-bushi,3139
kaymak; kaimaki,3140
kebab; kabob,3141
kecap manis; ketjap manis,3142
kedgeree; kegeree,3143
kefir,3144
kelp,3145
Kentucky burgoo,3146
ketchup,3147
ketjap manis,3148
kewra,3149
Key lime,3150
Key lime pie,3151
khachapuri,3152
khao tom gung,3153
kibbeh; kibbi,3154
kidney,3155
kidney bean,3156
kielbasa,3157
"Kiev, chicken",3158
kikurage,3159
kimchee; kimchi,3160
kinako,3161
"king, à la",3162
king crab,3163
kingfish,3164
king mackerel,3165
king orange,3166
king salmon,3167
kinome,3168
kipfel; kipferln,3169
kippered herring; kippers,3170
kir,3171
kirsch; kirschwasser,3172
kishimen,3173
kishke; kishka,3174
kiss,3175
kissel,3176
kiwano,3177
kiwi fruit; kiwifruit,3178
knackwurst; knockwurst,3179
knaidel,3180
knead,3181
knife,3182
knish,3183
knotroot,3184
Kobe beef,3185
kochu chang; kochujang,3186
kohana fu,3187
kohlrabi,3188
kolacky; kolachke,3189
kombu; konbu,3190
konnyaku,3191
korma,3192
kosher,3193
kosher salt,3194
kourabiedes,3195
kreplach,3196
ku chai,3197
kuchen,3198
kudzu,3199
kugel,3200
kugelhopf; kugelhupf,3201
kulebiaka; koulibiaka,3202
kulich,3203
kuminost cheese,3204
kumiss; koumiss,3205
k端mmel,3206
kumquat,3207
kuro goma,3208
kuzu,3209
label terms,3210
lactic acid,3211
lactose,3212
lady apple,3213
Lady Baltimore cake,3214
ladyfinger,3215
lager,3216
lagniappe; lagnappe,3217
lahvosh; lavosh,3218
lait,3219
lake trout,3220
lamb,3221
Lambert cherry,3222
lambrusco,3223
lamb's lettuce,3224
lamprey,3225
Lancashire cheese,3226
Lancashire hot pot,3227
Lane cake,3228
langostino,3229
langouste,3230
langoustine,3231
langues-de-chat,3232
Laos; Laos ginger,3233
lapin,3234
Lapsang Souchong,3235
lard,3236
larding needle,3237
lardons; lardoons,3238
large clam,3239
lasagna; lasagne,3240
lassi,3241
late harvest,3242
latke,3243
latte,3244
laurel leaf; bay laurel,3245
lavender,3246
lavender gem,3247
laver,3248
leaf gelatin,3249
leaf lard,3250
leaf lettuce,3251
lear oil,3252
leather,3253
leaven,3254
leavener; leavening agent,3255
leberk辰se sausage,3256
lebkuchen,3257
leche,3258
lecithin,3259
leckerle; leckerli,3260
leek,3261
lees,3262
legume,3263
Leicester cheese,3264
lekvar,3265
lemon,3266
lemonade,3267
lemon balm,3268
lemon curd,3269
lemon grass,3270
lemon sole,3271
lemon verbena,3272
lentil,3273
lettuce,3274
levant,3275
levulose,3276
Leyden cheese,3277
liaison,3278
lichee; lichi,3279
licorice,3280
Liebfraumilch,3281
Liederkranz cheese,3282
light cream,3283
lights,3284
lilikoi,3285
Lillet,3286
lily buds,3287
lima bean,3288
Limburger cheese,3289
lime,3290
limeade,3291
limestone lettuce,3292
limpa bread,3293
limpet,3294
limu,3295
line,3296
lingcod,3297
lingonberry,3298
lingui巽a,3299
linguine,3300
linzertorte,3301
Liptauer cheese,3302
liqueur,3303
liquor,3304
litchi; litchi nut; lychee,3305
littleneck clam,3306
liver,3307
liverwurst,3308
lobster,3309
lobster butter,3310
lobsterette,3311
lobster Newburg,3312
lobster pick,3313
lobster Thermidor,3314
locust bean,3315
loganberry,3316
loin,3317
lo mein,3318
London broil,3319
longan,3320
long bean,3321
longhorn cheese,3322
Long Island duck,3323
Long Island tea,3324
Long John,3325
long-neck clam,3326
looseleaf lettuce,3327
lop chong sausage; lop cheong,3328
loquat,3329
Lord Baltimore cake,3330
lotte,3331
lotus,3332
lotus leaves,3333
lotus root,3334
lotus seeds,3335
Louis sauce,3336
loukanika sausage,3337
loup,3338
lovage,3339
love apple,3340
lox,3341
luau,3342
lumache,3343
lumpia; lumpia wrapper,3344
lutefisk; lutfisk,3345
lychee,3346
"lyonnaise, à la",3347
Lyonnaise sauce,3348
macadamia nut,3349
macaroni,3350
macaroon,3351
maccheroni,3352
mace,3353
mac辿doine,3354
macerate,3355
m但che,3356
mackerel,3357
Mackinaw trout,3358
Macoun apple,3359
Madagascar bean,3360
Madeira,3361
Madeira cake,3362
madeleine,3363
madril竪ne,3364
mafalda,3365
magdalena,3366
magliette,3367
magnum,3368
mahi mahi; mahi-mahi,3369
mahleb; mahlab,3370
Maibowle,3371
mais,3372
maison,3373
mai tai,3374
ma樽tre d' butter; ma樽tre d'h担tel butter,3375
ma樽tre d'h担tel; ma樽tre d',3376
maiz,3377
maize,3378
maize mushroom,3379
malic acid,3380
malossol caviar,3381
malt,3382
Maltaise sauce; Maltese sauce,3383
malted milk,3384
malted milk powder,3385
malt extract,3386
malt liquor,3387
maltose,3388
malt sugar,3389
malt syrup,3390
malt vinegar,3391
manchego cheese,3392
Mandarin cuisine,3393
Mandarine liqueur,3394
Mandarin orange,3395
Mandarin pancakes,3396
mandelbrot,3397
mandoline,3398
mange-tout,3399
mango,3400
mango powder,3401
mangosteen,3402
Manhattan,3403
manicotti,3404
manioc,3405
mannitol,3406
manteca cheese,3407
manzanilla,3408
maple sugar; maple syrup,3409
maraschino cherry,3410
maraschino liqueur,3411
marbling,3412
marc,3413
marchands de vin,3414
"Marengo, à la",3415
margarine,3416
margarita,3417
margherite,3418
marguery sauce,3419
marigold,3420
marinade,3421
marinara sauce,3422
marinate,3423
marini竪re,3424
marjolaine,3425
marjoram,3426
Marlborough pie,3427
marmalade,3428
marmite,3429
marron; marron glac辿,3430
marrow,3431
marrow beans,3432
marrowbone,3433
marrow spoon,3434
marrow squash,3435
Marsala,3436
marshmallow,3437
martini,3438
marzipan,3439
masa; masa harina,3440
masala,3441
mascarpone cheese,3442
mash,3443
matcha,3444
matjes herring,3445
matsutake mushroom,3446
matzo; matzoh,3447
matzo ball,3448
matzo brei,3449
matzo meal,3450
May apple,3451
mayonnaise,3452
May wine,3453
McIntosh apple,3454
mead,3455
meal,3456
mealy,3457
measuring cups,3458
meat tenderizers,3459
meat thermometer,3460
medallion,3461
Melba sauce,3462
Melba toast,3463
mellowfruit,3464
melon,3465
melon baller,3466
melone,3467
melt,3468
menudo,3469
mer,3470
m竪re de vinaigre,3471
meringue,3472
Meritage,3473
Merlot,3474
mescal,3475
mesclun,3476
mesquite,3477
Metaxa,3478
Methuselah,3479
metric system,3480
Mettwurst,3481
meuni竪re,3482
Mexican breadfruit,3483
Mexican chocolate,3484
Mexican green tomato,3485
Mexican potato,3486
Mexican tea,3487
Mexican wedding cakes,3488
meze,3489
mezzaluna,3490
miche,3491
microwave oven,3492
Midori liqueur,3493
mignonette; mignonnette,3494
"milanaise, à la",3495
Milanese,3496
milfoil,3497
milk,3498
milk fat,3499
milk powder,3500
milk punch,3501
milk shake,3502
milk sugar,3503
milk toast,3504
mille-feuille,3505
millet,3506
mimosa,3507
mince,3508
mincemeat,3509
mineral water,3510
minestra,3511
minestrone,3512
Ming Dynasty egg,3513
mini muffin pan,3514
mint,3515
mint geranium,3516
mint julep,3517
minute steak,3518
mirabelle,3519
mirepoix; mirepois,3520
mirin,3521
mirliton,3522
mise en place,3523
miso,3524
Mission olive,3525
misto,3526
mixed grill,3527
mixer,3528
mizuna,3529
mizutaki,3530
mocha,3531
mochi; mochiko,3532
mock turtle soup,3533
moisten,3534
molasses,3535
molcajete y tejolete,3536
mold,3537
molded cookie,3538
mole,3539
mollusk,3540
Mongolian grill,3541
Mongolian hot pot; Mongolian firepot,3542
monkey bread,3543
monkfish,3544
monosodium glutamate; MSG,3545
monounsaturated oils; monounsaturates,3546
monstera,3547
mont blanc,3548
Monte Cristo sandwich,3549
Monterey Jack cheese,3550
"Montmorency, à la",3551
Montmorency cherry,3552
Montrachet cheese,3553
moonfish,3554
moonshine,3555
moo shu; moo shoo,3556
Moravian Christmas cookies,3557
morel,3558
Morello cherry; English Morello cherry,3559
Mornay sauce,3560
mortadella,3561
mortar and pestle,3562
morue,3563
Moscow mule,3564
mostaccioli,3565
mother of vinegar,3566
Mouli grater,3567
mountain berry,3568
mountain cranberry,3569
mountain oysters,3570
"mount, to",3571
moussaka; mousaka,3572
mousse,3573
mousseline,3574
moutarde,3575
mozzarella cheese,3576
MSG,3577
muddle,3578
Muenster cheese; Munster cheese,3579
muesli,3580
muffin,3581
muffin pan; muffin tin,3582
muffuletta; muffaletta,3583
muki goma,3584
mulato chile,3585
mulberry,3586
mull,3587
mulled wine,3588
mullet,3589
mulligan stew,3590
mulligatawny soup,3591
mung bean,3592
Munster cheese,3593
Muscadet,3594
Muscadine grape,3595
muscatel wine,3596
Muscat grape,3597
muscovy duck,3598
mush,3599
mushimono,3600
mushroom,3601
muskellunge; muskie,3602
muskmelon,3603
mussel,3604
must,3605
mustard; mustard seed; powdered mustard,3606
mustard greens,3607
mustard oil,3608
"mustard, prepared",3609
mustard seed,3610
mutton,3611
muttonfish,3612
mysost cheese,3613
naan; nan,3614
nabemono,3615
nacho,3616
nameko,3617
nam pla,3618
nam prik,3619
nan,3620
Nantua sauce,3621
nap,3622
napa cabbage,3623
Napoleon,3624
Napoleon cherry,3625
nasi goreng,3626
nasturtium,3627
natto,3628
navel orange,3629
navy bean,3630
Neapolitan ice cream,3631
neat,3632
Nebuchadnezzar,3633
nectarine,3634
Nesselrode,3635
Neufch但tel cheese,3636
Newburg,3637
New England boiled dinner,3638
New England clam chowder,3639
new potato,3640
Newtown pippin apple,3641
New York steak,3642
Niagara grape,3643
niboshi,3644
"niçoise, à la",3645
ni巽oise olive,3646
ni巽oise salad,3647
Nieheimer,3648
nigella seeds,3649
nigiri sushi,3650
nijisseiki,3651
nimono,3652
noble rot,3653
nockerl,3654
no-eyed pea,3655
nog,3656
noisette,3657
n旦kkelost cheese,3658
nondairy creamer,3659
nonnutritive sweeteners,3660
nonpareil,3661
nonstick finishes,3662
nonvintage,3663
noodles,3664
nopales,3665
nopalitos,3666
nori,3667
"normande, à la",3668
Northern Spy apple,3669
Northwest Greening apple,3670
nougat,3671
nouvelle cuisine,3672
Nova Scotia salmon,3673
noyaux,3674
nuoc cham,3675
nuoc nam,3676
nursehound,3677
nutmeg,3678
nutmeg grater; nutmeg grinder,3679
nut mill,3680
nuts,3681
oakleaf lettuce,3682
oat bran,3683
oat flour,3684
oatmeal,3685
oats,3686
Oaxaca cheese,3687
O'Brien potatoes,3688
oceanic bonito,3689
ocean perch,3690
octopus,3691
oenology,3692
oenophile,3693
oeuf,3694
oeufs à la neige,3695
offal,3696
o-hashi,3697
oil of peppermint; oil of spearmint,3698
oils,3699
oilstone,3700
okara,3701
okashi,3702
oke,3703
okolehao,3704
okra,3705
olallieberry; olallie berry,3706
old-fashioned,3707
oleomargarine,3708
olivada,3709
olive,3710
olive oil,3711
oloroso,3712
Olympia oyster,3713
Omega-3 oils,3714
omelet; omelette,3715
omelet pan,3716
onion,3717
onion powder,3718
onion salt,3719
ono,3720
on the half shell,3721
on the rocks,3722
oolong tea,3723
opah,3724
opakapaka; opaka-paka,3725
open dating,3726
open-faced,3727
oplet,3728
orange,3729
orange-flower water,3730
orange pekoe tea,3731
orange roughy,3732
orecchiette,3733
oregano,3734
organic food,3735
orgeat syrup,3736
oriental radish,3737
ormer,3738
orzo,3739
osso buco; ossobuco,3740
ostrich,3741
ostrich fern,3742
ouzo,3743
oven thermometer,3744
oxalic acid,3745
oxtail,3746
oyster,3747
oyster cap,3748
oyster crab,3749
oyster mushroom,3750
oyster plant,3751
oyster sauce,3752
oysters Bienville,3753
oysters on the half shell,3754
oysters Rockefeller,3755
ozoni,3756
Pacific littleneck clam,3757
Pacific oyster,3758
Pacific pompano,3759
pack date,3760
paddy straw mushrooms,3761
pad thai,3762
paella,3763
paillard,3764
pain,3765
pain perdu,3766
pakora,3767
palacsinta,3768
palak panir; palak paneer,3769
palm heart,3770
palmier,3771
palm oil; palm-kernel oil,3772
palm sugar,3773
pan,3774
panada; panade,3775
pan bagnat,3776
pan-broil; panbroil,3777
pancake,3778
pancake turner,3779
pancetta,3780
pandanus leaves,3781
pandowdy,3782
pan drippings,3783
pane,3784
paneer,3785
panettone,3786
panforte,3787
pan-fry,3788
panino,3789
panir,3790
panko,3791
panna cotta,3792
pansotti,3793
panzanella,3794
papain,3795
papaw,3796
papaya,3797
papillote,3798
pappadam; poppadum,3799
pappardelle,3800
paprika,3801
paprik叩s csirke,3802
paratha,3803
parboil,3804
parboiled rice,3805
parchment paper,3806
"parch, to",3807
pare,3808
pareve; parve,3809
parfait,3810
paring knife,3811
Paris-Brest,3812
parisienne sauce,3813
Parker House roll; Parkerhouse,3814
Parma ham,3815
parmentier,3816
Parmesan cheese,3817
"parmigiana, alla",3818
Parmigiano-Reggiano,3819
parsley,3820
parsley root,3821
parsnip,3822
parson's nose,3823
partridge,3824
pasilla chile,3825
paskha,3826
passion fruit,3827
pasta,3828
pasta filata,3829
pasta machines,3830
pasta primavera,3831
pasteurize; pasteurization,3832
pastilla,3833
pastille,3834
pastina,3835
pastis,3836
pastitsio,3837
pastrami,3838
pastry,3839
pastry bag,3840
pastry blender,3841
pastry brush,3842
pastry cloth,3843
pastry comb,3844
pastry cream,3845
pastry flour,3846
pastry jagger,3847
pastry wheel,3848
pasty,3849
p但te,3850
p但t辿,3851
pâte à choux,3852
p但te bris辿e,3853
p但t辿 de foie gras,3854
p但te feuillet辿e,3855
p但te sucr辿e,3856
patis,3857
p但tisserie,3858
p但tissier,3859
patty,3860
pattypan squash,3861
patty shell,3862
paua,3863
paupiette,3864
pav辿,3865
Pavlova,3866
pawpaw,3867
pea,3868
pea bean,3869
peach,3870
peach Melba,3871
peanut,3872
peanut butter,3873
peanut oil,3874
pear,3875
pearl barley,3876
pearl onion,3877
pearl sago,3878
pea shoots,3879
pecan,3880
pecan rice,3881
pecorino cheese,3882
pectin,3883
peel,3884
Peking cabbage,3885
Peking duck,3886
Peking sauce,3887
Peking-Shantung cuisine,3888
pekoe tea,3889
pemmican,3890
penne,3891
penuche; panocha; penuchi,3892
peperonata,3893
pepino,3894
pepitas,3895
"pepper, black and white",3896
"pepper, chile",3897
peppercorn,3898
"pepper, hot",3899
pepper mill,3900
peppermint,3901
peppermint schnapps,3902
pepperoncini,3903
pepperoni; peperoni,3904
pepper pot; pepperpot,3905
pepper steak,3906
"pepper, sweet green or red",3907
pequ鱈n chile,3908
perch,3909
perciatelli,3910
"périgourdine, à la",3911
P辿rigueux sauce,3912
perilla,3913
periwinkle,3914
Pernod,3915
Persian apple,3916
Persian melon,3917
Persian walnut,3918
persillade,3919
persimmon,3920
pestle,3921
pesto,3922
petit d辿jeuner,3923
petite marmite,3924
Petite Sirah; Petite Syrah,3925
petit four,3926
petit-gris,3927
petit pain,3928
petits pois,3929
Petit Suisse,3930
petrale sole,3931
pezzoccheri,3932
pfeffern端esse,3933
pheasant,3934
Philadelphia cheese steak,3935
Philadelphia pepper pot,3936
phyllo,3937
physalis,3938
picadillo,3939
piccalilli,3940
piccata,3941
pickerel,3942
pickle,3943
pickled cheese,3944
pickled cucumber,3945
pickled herring,3946
pickling spices,3947
picnic ham,3948
picnic shoulder,3949
pico de gallo,3950
pie,3951
pie plant; pieplant,3952
pierogi,3953
pie weights,3954
pigeon pea,3955
pignoli; pignon,3956
pig's feet,3957
pigs in blankets,3958
pike,3959
pilaf,3960
pilau,3961
pilchard,3962
Pilsner; Pilsener,3963
Pilsner glass,3964
pimiento; pimento,3965
pi単a colada,3966
pinch,3967
pineapple,3968
pineapple guava,3969
pine nut,3970
pink bean,3971
pink lady,3972
pink peppercorn,3973
pink salmon,3974
pink snapper,3975
pi単on,3976
Pinot Blanc,3977
Pinot Chardonnay,3978
Pinot Noir,3979
pinto bean,3980
pip辿rade,3981
pippin apple,3982
pips,3983
piquante sauce,3984
pique-nique; pique-niquer,3985
pirogi,3986
piroshki,3987
pisco,3988
pismo clam,3989
pissaladi竪re,3990
pistachio nut,3991
pisto,3992
pistou,3993
pit,3994
pita,3995
pith,3996
pithiviers,3997
"pitter, olive or cherry",3998
pizza,3999
pizza pan,4000
pizza peel,4001
plaice,4002
plank; planking,4003
plantain,4004
plastic wrap,4005
pleurotte,4006
plover,4007
plum,4008
"plump, to",4009
plum pudding,4010
plum sauce,4011
plum tomato,4012
poach,4013
poblano chile,4014
pocket bread,4015
pod,4016
pod peas,4017
poha,4018
pohole,4019
poi,4020
"point, à",4021
poire,4022
poire H辿l竪ne,4023
Poire William,4024
pois,4025
poisson,4026
poivre,4027
polenta,4028
Polish sausage,4029
pollo,4030
pollock; pollack,4031
"polonaise, à la",4032
polvorone,4033
polyunsaturated oil; polyunsaturates,4034
pomegranate,4035
pomelo; pommelo; pummelo,4036
pomfret,4037
pomme,4038
pomme de terre,4039
pommelo,4040
pommes Anna,4041
pommes frites,4042
pommes noisette,4043
pommes souffl辿es,4044
pomodoro,4045
pompano,4046
pom pom mushroom,4047
Pont l'テ益テェque cheese,4048
pony,4049
ponzu sauce,4050
poorboy; po' boy,4051
poori; puri,4052
popadam; poppadum,4053
popcorn; popped corn,4054
pope's nose,4055
popover,4056
poppy seed; poppyseed,4057
porcino,4058
porgy,4059
pork,4060
"pork sausage, fresh",4061
pork shoulder,4062
porridge,4063
port; Porto,4064
porter,4065
porterhouse steak,4066
portobello mushroom; portobella mushroom,4067
Port-Salut cheese,4068
posole; pozole,4069
posset,4070
pot,4071
potable,4072
potage,4073
potato,4074
potato chips,4075
potato flour,4076
potato ricer,4077
potato salad,4078
potato starch,4079
pot-au-feu,4080
pot cheese,4081
pot de cr竪me; pot-au-cr竪me,4082
pot liquor; potlikker,4083
pot marjoram,4084
pot pie; potpie,4085
pot roast,4086
pot stickers,4087
potted shrimp,4088
poularde,4089
poulet,4090
poultry,4091
poultry shears,4092
pound cake,4093
pourriture noble,4094
pousse-caf辿,4095
poussin,4096
powdered milk,4097
powdered sugar,4098
pozole,4099
praches,4100
prairie oyster,4101
praline,4102
pralin辿,4103
prawn,4104
prepared mustard,4105
preserve,4106
preserved lemons,4107
preserved sweet melon,4108
preserves,4109
pressed cookie,4110
pressed duck,4111
pressure cooker,4112
pretzel,4113
prick,4114
prickly pear,4115
"primavera, alla",4116
prime rib,4117
primost cheese,4118
prix fixe,4119
processed cheese,4120
profiterole,4121
proof,4122
prosciutto,4123
proteins,4124
"provençal, à la",4125
provolone cheese,4126
prune,4127
prunelle,4128
pueblo bread; pueblo adobe bread,4129
Puerto Rican cherry,4130
puffball mushroom,4131
puff pastry,4132
pull date,4133
pullet,4134
pulque,4135
pulse,4136
pulverize,4137
pummelo,4138
pumpernickel,4139
pumpkin,4140
pumpkin seed oil,4141
pumpkin seeds,4142
pupu; pu pu,4143
puree; pur辿e,4144
purple laver,4145
puttanesca sauce; alla puttanesca,4146
pyramide cheese,4147
quadrettini,4148
quahog,4149
quail,4150
Quark,4151
quatre 辿pices,4152
quenelle,4153
quesadilla,4154
queso,4155
queso blanco,4156
queso fresco,4157
queso fundido,4158
quetsch,4159
quiche,4160
quick bread,4161
quince,4162
quinine water,4163
quinoa,4164
rabbit,4165
rack of lamb,4166
raclette,4167
radiatore,4168
radicchio,4169
radish,4170
rago短t,4171
ragu,4172
ragu Bolognese,4173
rainbow runner,4174
rainbow trout,4175
raisin,4176
raita,4177
rakkyo; rakyo,4178
ramekin,4179
ramen,4180
Ramos gin fizz; Ramos fizz,4181
ramp,4182
ranchero sauce,4183
range chicken,4184
rape,4185
rapeseed oil,4186
rapini,4187
rarebit,4188
rascasse,4189
ras el hanout,4190
rasher,4191
raspberry,4192
ratafia,4193
ratatouille,4194
ravioli,4195
raw milk,4196
raw sugar,4197
ray,4198
razor clam,4199
reamer,4200
Reblochon cheese,4201
reconstitute,4202
red beans,4203
red beans and rice,4204
red bell pepper,4205
red cabbage,4206
red caviar,4207
red cooking,4208
red date,4209
Red Delicious apple,4210
red drum,4211
redeye gravy,4212
redfish,4213
red flannel hash,4214
red Mexican bean,4215
red mullet,4216
red pepper; red pepper flakes,4217
red shiso,4218
red snapper,4219
reduce,4220
reduction,4221
refried beans; frijoles refritos; refritos,4222
refrigerator cookie,4223
refrigerator thermometer,4224
refritos,4225
Reggiano Parmigiano cheese,4226
Rehoboam,4227
reindeer,4228
r辿moulade,4229
render,4230
renkon,4231
rennin,4232
restaurateur,4233
retsina,4234
Reuben sandwich,4235
Rhode Island Greening apple,4236
Rh担ne wines,4237
rhubarb,4238
rhubarb chard,4239
rib,4240
ribbon,4241
rib-eye steak,4242
Ribier grape,4243
ribollita,4244
rib roast,4245
rib steak,4246
rice,4247
rice bran,4248
rice flour,4249
rice-flour noodles,4250
rice paper,4251
ricer,4252
rice sticks,4253
rice vinegar,4254
rice wine,4255
rickey,4256
ricotta cheese,4257
Riesling,4258
rigatoni,4259
rijsttafel,4260
rillettes,4261
ripe olive,4262
ripieni,4263
ris,4264
riso,4265
risotto,4266
rissole,4267
rissol辿,4268
ristra,4269
riz,4270
riz à l'impératrice,4271
Rizcous,4272
rizotto,4273
roast,4274
roaster,4275
roasting rack,4276
Rob Roy,4277
rocambole,4278
rock and rye,4279
rock bass,4280
rock bun,4281
rock candy,4282
Rock Cornish hen; Rock Cornish game hen,4283
rocket,4284
rockfish,4285
rock lobster,4286
rock salt,4287
rock sugar,4288
Rocky Mountain Oyster,4289
rocky road,4290
roe,4291
rolled cookie,4292
rolled oats,4293
rolled roast,4294
rolling boil,4295
rolling cookie cutter,4296
rolling pin,4297
rollmops,4298
roll out,4299
romaine lettuce,4300
Romanesca cauliflower; Romanesco,4301
Roman mushroom,4302
Romano cheese,4303
Rome Beauty apple,4304
romesco,4305
root beer,4306
Roquefort cheese,4307
roquette,4308
rose hip,4309
rosemary,4310
rosette; rosette iron,4311
rose water,4312
ros辿 wines,4313
Rossini,4314
r旦sti,4315
rotary beater,4316
rotelle,4317
r担ti,4318
roti,4319
r担tie,4320
rotini,4321
rotisserie,4322
roughage,4323
rouille,4324
roulade,4325
Rouladen,4326
"round, beef",4327
roux,4328
Royal Ann cherry,4329
royal icing,4330
rubber spatula,4331
ruby port; ruby Porto,4332
rucola; rugala,4333
rudderfish,4334
rugalach,4335
rum,4336
rumaki,4337
rump roast; rump steak,4338
runner bean,4339
ruote; ruote de carro,4340
rusk,4341
russet Burbank potato,4342
Russian dressing,4343
Russian tea cakes,4344
rusty nail,4345
rutabaga,4346
rye flour,4347
rye whiskey,4348
sabayon,4349
sabl辿,4350
sablefish,4351
Sabra liqueur,4352
saccharin,4353
Sachertorte; Sacher torte,4354
saddle,4355
safflower oil,4356
saffron,4357
Saga blue,4358
saganaki,4359
sage,4360
sago,4361
sai-hashi,4362
Saint Andr辿,4363
Saint-Germain,4364
Saint-Honor辿; g但teau Saint-Honor辿,4365
Saint John's bread,4366
Saint Peter's fish,4367
sake,4368
salad bowl lettuce,4369
salad burnet,4370
salad dressing,4371
salade compos辿,4372
salad spinner,4373
salamander,4374
salami,4375
salicornia,4376
Salisbury steak,4377
Sally Lunn,4378
salmagundi,4379
Salmanazar,4380
salmi; salmis,4381
salmon,4382
salmonella,4383
salpicon,4384
salsa,4385
salsify,4386
salt,4387
salt cod,4388
saltfish,4389
saltimbocca,4390
salt pork,4391
salt-rising bread,4392
salty black beans,4393
Salzburger nockerl,4394
sambal,4395
sambuca,4396
samosa,4397
samp,4398
samphire,4399
Samsoe cheese,4400
sand dab,4401
sand leek,4402
sand shark,4403
sangr鱈a,4404
sangrita,4405
sansho,4406
Santa Claus melon,4407
Santa Fe Grande chile,4408
"sapote, white",4409
sapsago cheese,4410
Saratoga chips,4411
sardine,4412
sarsaparilla,4413
sarume,4414
sashimi,4415
sassafras,4416
sat辿; satay,4417
satsuma orange,4418
saturated fat,4419
sauce,4420
sauce boat; sauceboat,4421
saucepan,4422
sauce piquante,4423
saucisse,4424
sauerbraten,4425
sauerkraut,4426
sausage,4427
saut辿; saut辿ed; saut辿ing,4428
saut辿 pan,4429
Sauternes,4430
Sauvignon Blanc,4431
savarin,4432
savory,4433
savoury,4434
savoy cabbage,4435
Sazerac,4436
Sbrinz cheese,4437
scald,4438
scale,4439
"scale, kitchen",4440
scallion,4441
scallop,4442
scaloppine,4443
scamorze cheese; scamorza; scamorzo,4444
scampi,4445
schaum torte; schaumtorten,4446
Schbzieger cheese,4447
schlag,4448
schmaltz,4449
schmaltz herring,4450
schmear,4451
Schmierwurst,4452
schnapps; schnaps,4453
schnitzel,4454
schnitz un knepp,4455
scone,4456
score,4457
scorpion,4458
scorzonera,4459
Scotch barley,4460
Scotch bonnet chile,4461
Scotch broth,4462
Scotch egg,4463
Scotch whisky; Scotch,4464
Scotch woodcock,4465
scrapple,4466
screwdriver,4467
screwpine leaves,4468
scrod,4469
scungilli,4470
scup,4471
scuppernong grape,4472
sea anemone,4473
sea bass,4474
sea bean,4475
sea bread,4476
sea bream,4477
sea cucumber,4478
sea devil,4479
seafoam,4480
seafood,4481
sea pickle,4482
sear,4483
sea robin,4484
sea salt,4485
seashell pasta,4486
sea slug,4487
sea snail,4488
seasoned salt,4489
seasoning,4490
"season, to",4491
seatrout,4492
sea urchin,4493
seaweed,4494
sec,4495
Seckel pear,4496
sediment,4497
seed,4498
seed sprouts,4499
seitan,4500
seize,4501
sel,4502
self-rising flour,4503
sell date,4504
seltzer water,4505
semi de melone,4506
semifreddo,4507
S辿millon,4508
semolina,4509
sendai miso,4510
sereh,4511
serrano chile,4512
sesame oil,4513
sesame seed,4514
"set, to",4515
seven-minute frosting,4516
seven spice seasoning,4517
seviche,4518
Seville orange,4519
sevruga caviar,4520
shabu-shabu,4521
shad,4522
shaddock,4523
shad roe,4524
shallot,4525
shamogi; shamoji,4526
Shanghai cooking,4527
shank,4528
sharbat,4529
shari,4530
shark,4531
shark's fin,4532
sharpening steel,4533
shashlik,4534
she-crab soup,4535
shell,4536
shell bean,4537
shellfish,4538
shell steak,4539
shepherd's pie,4540
sherbet,4541
sherry,4542
shichimi togarashi; shichimi,4543
shiitake,4544
shimeji,4545
shinma; shinmai,4546
shinshu miso,4547
shioyaki,4548
ship biscuit,4549
shirataki,4550
Shirley Temple,4551
shiro goma,4552
shirred eggs,4553
shish kebab,4554
shiso,4555
shoga,4556
shoofly pie,4557
short,4558
shortbread,4559
shortcake,4560
shortening,4561
short loin,4562
short ribs,4563
shot; shot glass,4564
shottsuru,4565
shoyu,4566
shred,4567
shrimp,4568
shrimp boil,4569
"shrimp, dried",4570
shrimp paste,4571
shrimp sauce,4572
shrub,4573
shuck,4574
Siamese ginger,4575
sichuan peppercorn,4576
sidecar,4577
Siena cake,4578
sieve,4579
sift,4580
sifter,4581
silver fizz,4582
silver leaf,4583
silver skin,4584
simmer,4585
simple syrup,4586
Simpson lettuce,4587
Singapore sling,4588
sirloin,4589
sirloin club steak,4590
sirniki,4591
sizzling rice soup,4592
skate,4593
skewer,4594
skillet,4595
skim,4596
skimmer,4597
skim milk,4598
skin,4599
skirt steak,4600
skordalia,4601
slimehead,4602
sling,4603
sliver,4604
slivovitz,4605
sloe,4606
sloe gin,4607
Sloppy Joe,4608
slow cooker,4609
slumgullion,4610
slump,4611
slurry,4612
smallage; smellage,4613
smelt,4614
Smithfield ham,4615
smoke curing; smoked,4616
smoked salmon,4617
smoke point,4618
smooth hound,4619
smoothie; smoothee,4620
s'more,4621
smorgasbord,4622
smorrebrod,4623
smothered steak,4624
snail,4625
snail plate,4626
snail tongs,4627
snap bean,4628
snapper,4629
snickerdoodle,4630
snifter,4631
snow,4632
snow eggs,4633
snow pea,4634
snow puff mushroom,4635
snowshoe rabbit,4636
soba,4637
sockeye salmon,4638
soda,4639
soda bread,4640
soda water,4641
sofrito,4642
soft-ball stage,4643
soft-crack stage,4644
soft drinks,4645
soft-shell clam; soft clam,4646
soft-shell crab,4647
soft wheat,4648
soi,4649
soja,4650
sole,4651
sole V辿ronique,4652
somen,4653
sommelier,4654
sopa,4655
sopa de alb坦ndigas,4656
sopaipilla,4657
sopa seca,4658
sorbet,4659
sorbitol,4660
sorghum,4661
sorrel,4662
soubise,4663
souffl辿,4664
souffl辿 dish,4665
souffl辿 potatoes,4666
soul food,4667
soup,4668
soupe,4669
sour,4670
sour cream,4671
sourdough; sourdough bread,4672
sourdough starter,4673
sour grass,4674
sour mash,4675
sour salt,4676
sous vide,4677
Southern Comfort,4678
souvlaki; souvlakia,4679
soybean,4680
soybean curd,4681
soybean oil,4682
soy flour,4683
soy milk,4684
soy pea,4685
soy sauce,4686
spaetzle,4687
spaghetti,4688
spaghettini,4689
spaghetti squash,4690
Spalen cheese,4691
spanakopita,4692
Spanish melon,4693
Spanish olive,4694
Spanish onion,4695
spareribs,4696
Sp辰tlese,4697
spatula,4698
sp辰tzle,4699
spearmint,4700
speckled butter bean,4701
spelt,4702
Spice Parisienne,4703
spices,4704
spinach,4705
spiny dogfish,4706
spiny lobster,4707
split,4708
split pea,4709
sponge,4710
sponge cake; spongecake,4711
spoom,4712
spoon bread; spoonbread,4713
spot,4714
spotted sea trout,4715
sprat,4716
springerle,4717
springform pan,4718
spring roll,4719
spritz,4720
spritzer,4721
sprouts,4722
spuma,4723
spumante,4724
spumoni,4725
spun sugar,4726
spur dog,4727
squab,4728
squab chicken,4729
squash,4730
squash blossoms,4731
squeteague,4732
squid,4733
squidhound,4734
stabilizers,4735
stainless steel cookware,4736
standing rib roast,4737
standing rump roast,4738
star anise,4739
star fruit,4740
starter,4741
Stayman apple,4742
steak and kidney pie,4743
steak au poivre,4744
steak fries,4745
steak tartare,4746
steam,4747
steamed bread,4748
steamed pudding,4749
steamed-pudding mold,4750
steamer clam,4751
steel,4752
steep,4753
Steinpilze,4754
stelle; stellini,4755
stew,4756
stewing chicken,4757
stifado,4758
Stilton cheese,4759
stinger,4760
stir-fry,4761
stock,4762
stollen,4763
stone crab,4764
stone-ground flour,4765
stoneware,4766
stout,4767
Stracchino,4768
straight up,4769
strain,4770
strainer,4771
strawberries Romanoff,4772
strawberry,4773
strawberry shortcake,4774
straw mushroom,4775
straw potatoes,4776
Strega,4777
streusel,4778
string bean,4779
striped bass,4780
strip steak,4781
stroganoff,4782
stromboli,4783
strudel,4784
stud,4785
stuffing,4786
sturgeon,4787
su,4788
submarine sandwich,4789
succory,4790
succotash,4791
Sucralose,4792
sucrose,4793
suet,4794
sugar,4795
sugar apple,4796
sugarcane stalks,4797
sugar pea,4798
sugarplum,4799
sugar snap pea,4800
sugar substitutes,4801
sugar syrup,4802
sukiyaki,4803
sulfites,4804
sultana,4805
sumac; sumaq,4806
summer cauliflower,4807
summer coating,4808
summer oyster mushroom,4809
summer pudding,4810
summer sausage,4811
summer squash,4812
sunchoke,4813
sundae,4814
sun-dried tomatoes,4815
sunfish,4816
sunflower-seed oil,4817
sunflower seeds,4818
sunomono,4819
superfine sugar,4820
supreme sauce,4821
surf n' turf; surf and turf,4822
surimi,4823
sushi,4824
sushi meshi,4825
"sweat, to",4826
swede,4827
Swedish limpa bread,4828
Swedish meat balls,4829
Swedish turnip,4830
sweet acidophilus milk,4831
sweet-and-sour,4832
sweet basil,4833
sweetbreads,4834
sweet cicely,4835
sweet cider,4836
sweet cucumber,4837
sweetened condensed milk,4838
sweet marjoram,4839
sweetmeat,4840
sweet peppers,4841
sweet potato,4842
sweet potato squash,4843
sweetsop,4844
sweet tea pickle,4845
sweet woodruff,4846
Swiss chard,4847
Swiss cheese,4848
Swiss fondue,4849
Swiss steak,4850
swordfish,4851
syllabub,4852
Sylvaner; Silvaner,4853
Syrah,4854
syrniki; sirniki,4855
Szechuan cuisine,4856
Szechuan pepper; Szechwan,4857
Tabasco pepper; Tabasco Sauce,4858
tabbouleh,4859
table d'h担te,4860
taco,4861
taffy,4862
tagine; tajine,4863
tagliarini,4864
tagliatelle,4865
tagliolini,4866
tahini,4867
tajine,4868
Taleggio cheese,4869
tamago somen,4870
tamale,4871
tamale pie,4872
tamari,4873
tamarillo,4874
tamarind,4875
tamis,4876
tammycloth,4877
tandoori coloring; tandoori paste,4878
tandoor oven; tandoori,4879
tangelo,4880
tangerine,4881
tannin,4882
tapas,4883
tapenade,4884
tapioca; tapioca flour,4885
taramasalata,4886
taro root,4887
tarragon,4888
tart,4889
"tartare, beef",4890
tartare steak,4891
Tartarian cherry; black Tartarian cherry,4892
tartaric acid,4893
tartar sauce; tartare sauce,4894
tarte Tatin,4895
tasso,4896
tastevin,4897
tawny port,4898
T-bone steak,4899
tea,4900
tea egg,4901
tea infuser,4902
tea melon,4903
teff,4904
tejolete,4905
Teleme cheese,4906
tempe; tempeh,4907
tempering,4908
temple orange,4909
tempura,4910
Tencha tea,4911
tenderizer,4912
tenderloin,4913
tendon,4914
tentsuyu,4915
tep鱈n,4916
tequila,4917
terasi,4918
teriyaki,4919
terrapin,4920
terrine,4921
T辿te de Moine,4922
Tetrazzini,4923
Texmati rice,4924
Tex-Mex,4925
Thai chile,4926
Thai coffee,4927
Thai ginger,4928
Thermidor,4929
thermometer,4930
thimbleberry,4931
thin,4932
Thompson seedless grape,4933
Thousand Island dressing,4934
thousand-year egg,4935
thread stage,4936
Thuringer sausage,4937
thyme,4938
T鱈a Maria,4939
tian,4940
tiger lily buds,4941
tiger nuts,4942
tilapia,4943
ti leaves,4944
tilefish,4945
Tillamook cheese,4946
Tilsit cheese,4947
timbale,4948
tips,4949
tipsy parson; tipsy pudding,4950
tiramisu,4951
tisane,4952
toad-in-the-hole,4953
toddy,4954
toffee; toffy,4955
tofu,4956
togarashi,4957
Tokay grape; Tokay wine,4958
Toll House cookie,4959
tomalley,4960
Tom and Jerry,4961
tomatillo,4962
tomato,4963
tomato paste,4964
tomato puree,4965
tomato sauce,4966
tombo,4967
Tom Collins,4968
tongue,4969
tongue sausage,4970
tonic water,4971
tonkatsu donburi,4972
tonnato,4973
top loin,4974
top round,4975
top sirloin,4976
torta,4977
torte,4978
tortellini; tortelloni,4979
tortilla,4980
tortoise,4981
tortoni,4982
"toss, to",4983
tostada,4984
Toulouse sausage,4985
tourage,4986
tournedo,4987
trans fatty acids,4988
trash fish,4989
trasi; trassi,4990
trassi,4991
treacle,4992
tree ear,4993
treemelon,4994
tree mushroom; tree oyster mushroom,4995
tree tomato,4996
trenette,4997
trepang,4998
trevally,4999
triangle tip,5000
trifle,5001
tripe,5002
triple-cream cheeses; triple-cr竪me,5003
Triple Sec,5004
tripolini,5005
triticale,5006
trivet,5007
Trockenbeerenauslese,5008
trompette de la mort mushroom,5009
trotters,5010
trout,5011
truffle,5012
"truffle, chocolate",5013
truffle slicer,5014
trumpet of death,5015
truss,5016
trussing needle,5017
try out,5018
tsukemono,5019
tube pan,5020
tube steak,5021
tubetti,5022
tuile,5023
tulipe,5024
tuna,5025
turban squash,5026
turbinado sugar,5027
turbot,5028
tureen,5029
turkey,5030
Turkish coffee,5031
Turkish delight,5032
turmeric,5033
turner,5034
turnip,5035
turnip greens,5036
turnip-rooted parsley,5037
turnover,5038
turtle,5039
turtle bean,5040
Tuscan peppers,5041
tutti-frutti,5042
Tybo cheese,5043
tzimmes,5044
Udo,5045
udon,5046
ugli fruit,5047
umeboshi,5048
univalve,5049
unleavened,5050
unmold,5051
unsalted butter,5052
upside-down cake,5053
Vacherin,5054
vacherin cheeses,5055
Valencia orange,5056
Valpolicella,5057
vanilla,5058
vanilla sugar,5059
vanillin,5060
varak; varaq,5061
varietal wine,5062
variety meats,5063
vark,5064
veal,5065
veal cordon bleu,5066
veal Marengo,5067
veal Orloff,5068
veal Oscar; veal Oskar,5069
veal parmigiana; veal Parmesan,5070
veal piccata,5071
veau,5072
vegan,5073
vegetable amaranth,5074
vegetable marrow,5075
vegetable oils,5076
vegetable peeler,5077
vegetable protein,5078
vegetable shortening,5079
vegetable spaghetti,5080
vegetarian,5081
velout辿 sauce,5082
velvet hammer,5083
velvet stem mushroom,5084
venison,5085
verbena,5086
verjuice,5087
vermicelli,5088
vermouth,5089
V辿ronique,5090
"verte, sauce",5091
viande,5092
Vichy carrots,5093
vichyssoise,5094
Vichy water,5095
Viennese coffee,5096
vin,5097
vinaigre,5098
vinaigrette,5099
vindaloo,5100
vinegar,5101
vine leaves,5102
vintage,5103
"violet, crystallized",5104
Virginia ham,5105
vitello,5106
viticulture,5107
vodka,5108
vol-au-vent,5109
Vouvray,5110
V.S.; V.S.O.P.; V.V.S.O.P.,5111
waffle,5112
waffle iron,5113
wahoo,5114
wakame,5115
Waldorf salad,5116
walleyed pike,5117
walnut,5118
walnut oil,5119
wasabi; wasabe,5120
wassail,5121
water bath,5122
water biscuit,5123
water chestnut,5124
water chestnut powder,5125
watercress,5126
watermelon,5127
watermelon tuna,5128
waterzooi,5129
wax bean,5130
wax paper; waxed paper,5131
weakfish,5132
Wehani rice,5133
weiner dog,5134
weisswurst,5135
wekiwa,5136
well-and-tree platter,5137
"Wellington, beef",5138
Welsh rabbit; Welsh rarebit,5139
Western sandwich,5140
West Indian pumpkin,5141
West Indies cherry,5142
Westphalian ham,5143
wheat,5144
wheat beer,5145
wheat berries,5146
wheat bran,5147
wheat germ,5148
wheat gluten,5149
wheat meat,5150
whelk,5151
whetstone,5152
whey,5153
whip,5154
whipping cream,5155
whisk,5156
whiskey; whisky,5157
whiskey sour,5158
whitebait,5159
white bean,5160
white chocolate,5161
whitefish,5162
white lady,5163
white lightning,5164
white mustard cabbage,5165
white pepper; white peppercorn,5166
white pine mushroom,5167
White Riesling,5168
White Russian,5169
white sapote,5170
white sauce,5171
white seabass,5172
white walnut,5173
whiting,5174
whole-wheat flour,5175
whortleberry,5176
wiener,5177
Wiener Schnitzel; Wienerschnitzel,5178
wild leek,5179
wild pecan rice,5180
wild rice,5181
wine,5182
wine bottles,5183
Winesap apple,5184
winged bean,5185
winkle,5186
wintergreen,5187
winter melon,5188
winter squash,5189
witloof,5190
wok,5191
wong bok,5192
won ton; wonton,5193
won ton skins; egg roll skins,5194
won ton soup,5195
wood ear,5196
woodruff,5197
Worcestershire sauce,5198
wormseed,5199
wormwood,5200
wurst,5201
xanthan gum,5202
XXX; XXXX,5203
yaki fu,5204
yakimono,5205
yakinori,5206
yakitori,5207
yam,5208
Yankee bean,5209
Yankee pot roast,5210
yard-long bean,5211
yarrow,5212
yeast,5213
yeast bread,5214
yeast starter,5215
yellow berry,5216
yellow-eyed pea,5217
yellowfin tuna,5218
yellowtail,5219
yogurt; yoghurt,5220
yokan,5221
York Imperial apple,5222
Yorkshire pudding,5223
yosenabe,5224
youngberry,5225
yuba,5226
yuca; yucca,5227
yule log,5228
yuzu,5229
zabaglione,5230
zahtar,5231
zakuska,5232
Zante grape,5233
zapote blanco,5234
zest,5235
zester,5236
Zinfandel,5237
"zingara, à la",5238
ziti,5239
zitoni,5240
zombie,5241
zoni,5242
zucchini,5243
zuccotto,5244
zungenwurst,5245
zuppa,5246
zuppa inglese,5247
zwieback,5248
